Image,Label
crop_1.png,Flooded
crop_10.png,Flooded
crop_100.png,Flooded
crop_101.png,Flooded
crop_102.png,Flooded
crop_103.png,Flooded
crop_104.png,Flooded
crop_105.png,Flooded
crop_106.png,Flooded
crop_107.png,Flooded
crop_108.png,Flooded
crop_11.png,Flooded
crop_12.png,Flooded
crop_13.png,Flooded
crop_14.png,Flooded
crop_15.png,Flooded
crop_16.png,Flooded
crop_17.png,Flooded
crop_18.png,Flooded
crop_19.png,Flooded
crop_2.png,Flooded
crop_20.png,Flooded
crop_21.png,Flooded
crop_22.png,Flooded
crop_23.png,Flooded
crop_24.png,Flooded
crop_25.png,Flooded
crop_26.png,Flooded
crop_27.png,Flooded
crop_28.png,Flooded
crop_29.png,Flooded
crop_3.png,Flooded
crop_30.png,Flooded
crop_31.png,Flooded
crop_32.png,Flooded
crop_33.png,Flooded
crop_34.png,Flooded
crop_35.png,Flooded
crop_36.png,Flooded
crop_37.png,Flooded
crop_38.png,Flooded
crop_39.png,Flooded
crop_4.png,Flooded
crop_40.png,Flooded
crop_41.png,Flooded
crop_42.png,Non-Flooded
crop_43.png,Flooded
crop_44.png,Flooded
crop_45.png,Flooded
crop_46.png,Flooded
crop_47.png,Flooded
crop_48.png,Non-Flooded
crop_49.png,Flooded
crop_5.png,Flooded
crop_50.png,Flooded
crop_51.png,Flooded
crop_52.png,Flooded
crop_53.png,Flooded
crop_54.png,Flooded
crop_55.png,Flooded
crop_56.png,Flooded
crop_57.png,Flooded
crop_58.png,Flooded
crop_59.png,Flooded
crop_6.png,Flooded
crop_60.png,Flooded
crop_61.png,Flooded
crop_62.png,Flooded
crop_63.png,Flooded
crop_64.png,Flooded
crop_65.png,Flooded
crop_66.png,Flooded
crop_67.png,Flooded
crop_68.png,Flooded
crop_69.png,Flooded
crop_7.png,Flooded
crop_70.png,Flooded
crop_71.png,Flooded
crop_72.png,Flooded
crop_73.png,Flooded
crop_74.png,Flooded
crop_75.png,Flooded
crop_76.png,Flooded
crop_77.png,Flooded
crop_78.png,Flooded
crop_79.png,Flooded
crop_8.png,Flooded
crop_80.png,Flooded
crop_81.png,Flooded
crop_82.png,Flooded
crop_83.png,Flooded
crop_84.png,Flooded
crop_85.png,Flooded
crop_86.png,Flooded
crop_87.png,Flooded
crop_88.png,Flooded
crop_89.png,Flooded
crop_9.png,Flooded
crop_90.png,Flooded
crop_91.png,Flooded
crop_92.png,Flooded
crop_93.png,Flooded
crop_94.png,Flooded
crop_95.png,Flooded
crop_96.png,Flooded
crop_97.png,Flooded
crop_98.png,Flooded
crop_99.png,Flooded
